{
    "timestamp": "2025-03-24 15:15:57",
    "num_games": 100,
    "grid_size": 4,
    "search_depth": 2,
    "success_rate": 82.0,
    "avg_score": 19300.8,
    "median_score": 20164,
    "max_score": 22664,
    "min_score": 6252,
    "total_time": 1294.8828361034393,
    "avg_time_per_game": 12.948828361034394,
    "all_scores": [
        6252,
        7856,
        11360,
        12176,
        13740,
        14220,
        15320,
        15424,
        15736,
        15812,
        16000,
        16136,
        16452,
        16732,
        16848,
        16900,
        16972,
        17324,
        20064,
        20076,
        20092,
        20100,
        20108,
        20112,
        20112,
        20116,
        20120,
        20124,
        20124,
        20124,
        20128,
        20132,
        20136,
        20136,
        20136,
        20140,
        20140,
        20140,
        20144,
        20144,
        20148,
        20148,
        20148,
        20152,
        20152,
        20156,
        20160,
        20164,
        20164,
        20164,
        20164,
        20168,
        20168,
        20168,
        20168,
        20176,
        20176,
        20180,
        20180,
        20184,
        20184,
        20184,
        20192,
        20192,
        20196,
        20200,
        20200,
        20204,
        20204,
        20208,
        20216,
        20216,
        20224,
        20228,
        20232,
        20236,
        20240,
        20244,
        20252,
        20256,
        20280,
        20312,
        20316,
        20512,
        20516,
        20556,
        20568,
        20572,
        20664,
        20676,
        20812,
        20908,
        20944,
        20968,
        21068,
        21076,
        21264,
        21912,
        21988,
        22664
    ]
}